File Path,Gender,Race,Age
/shared/rc/defake/FaceForensics++_All/FaceForensics++/real/youtube/test/906.mp4/0-80.jpeg,Error,Error,Error
/shared/rc/defake/FaceForensics++_All/FaceForensics++/real/youtube/test/114.mp4/0-1191.jpeg,Error,Error,Error
/shared/rc/defake/FaceForensics++_All/FaceForensics++/real/youtube/test/650.mp4/0-329.jpeg,Error,Error,Error
/shared/rc/defake/FaceForensics++_All/FaceForensics++/real/youtube/test/579.mp4/0-48.jpeg,Error,Error,Error
/shared/rc/defake/FaceForensics++_All/FaceForensics++/real/youtube/test/949.mp4/0-515.jpeg,Error,Error,Error
/shared/rc/defake/FaceForensics++_All/FaceForensics++/real/youtube/test/550.mp4/0-145.jpeg,Error,Error,Error
/shared/rc/defake/FaceForensics++_All/FaceForensics++/real/youtube/test/035.mp4/0-47.jpeg,Error,Error,Error
/shared/rc/defake/FaceForensics++_All/FaceForensics++/real/youtube/test/945.mp4/0-249.jpeg,Error,Error,Error
/shared/rc/defake/FaceForensics++_All/FaceForensics++/real/youtube/test/480.mp4/0-51.jpeg,Error,Error,Error
/shared/rc/defake/FaceForensics++_All/FaceForensics++/real/youtube/test/821.mp4/0-308.jpeg,Error,Error,Error
